,y_test,prediction
2317,3615.294,3933.1648046751093
6130,3115.944,2725.794995249052
1331,2536.698,3991.1430473990285
781,1431.47,918.5564583181502
4181,1976.0944,2092.310062032016
2315,5383.6588,5470.634722535533
997,9275.9256,4182.043172857677
4663,3207.8244,2597.8688298075435
2045,3767.0964,2772.612481107923
1478,4211.185,4423.229588246625
265,2553.343,3154.863490256532
2771,1651.184,1532.852642236936
655,1230.3984,1611.74759310976
7151,2466.789,2710.4935419557996
6817,3338.3212,2529.4633554331326
2074,402.809,1307.4335664340135
3977,3795.06,2966.639315927773
5684,3463.4916,3190.9386321573197
4578,1384.864,1709.8955468907723
4901,4986.842,3324.5098276348504
5232,703.0848,1418.0784025392938
4468,7028.8506,3891.17120002887
4596,3354.3004,2400.177951171896
1794,2808.3444,2446.976396984403
6658,51.9324,78.53221551322329
2727,3504.1054,3086.3071273864434
6404,4508.1318,3164.539075457084
3792,3091.9752,3964.489306479547
2161,4350.3372,3283.3112080573746
2425,4442.2176,4987.7254181482085
7745,4431.5648,2756.6318376177205
44,373.5138,2095.6857799127733
1832,5785.802,3470.6361932921727
3873,2028.6926,3183.246944711579
6828,458.7362,646.4457145342635
5116,4138.6128,2536.457790286368
3870,296.281,141.61434258619428
1368,4471.5128,3087.17489287045
3427,2918.8672,3247.0959079558097
1434,146.476,324.08557415637847
4754,353.5398,1874.1166673813666
1702,5326.4,2631.855903101021
5820,1090.5804,830.06847015107
431,4997.4948,2996.878431677014
4248,3648.584,2573.166964058179
5548,2956.152,2900.74214518061
7676,3185.853,1799.7461262360805
7505,1797.66,1382.9298950140158
6524,703.0848,1308.7293074058641
3067,3103.9596,2499.137705652231
1723,2111.2518,1585.9946651175003
302,5895.659,2786.879434066396
2560,1609.9044,2071.552619833434
1547,829.5868,766.211799748883
6990,1655.1788,2529.0969323838817
3386,4845.0266,4198.425987084568
5322,6096.0648,3552.7167820535415
4231,2348.9424,3194.6025240060208
5100,1037.3164,927.7804684496913
3862,1691.7978,2514.114033943979
839,2857.6136,1620.5118543476196
6418,185.0924,309.47723127201414
6633,3880.2824,2083.702022610149
2376,1821.6288,1719.9821532292399
3092,3315.0182,4076.317869246891
3064,1608.5728,1651.6541813742758
172,1360.2294,2369.866587984707
1982,1603.2464,1941.015080395336
2082,5257.1568,3139.32981986547
4079,3950.1914,3926.3470890390677
1905,2181.1608,2489.242682701174
5437,293.6178,1123.8048925682397
588,3205.1612,2684.1141324227074
126,1137.1864,1325.216494763442
4739,1006.6896,1422.3062374499132
7647,2741.7644,1571.9411174021072
7912,1958.1178,1836.2553509290835
5942,1211.756,1605.1963389935277
6651,1973.4312,1679.2484159491366
6897,3261.7542,2106.2561455279506
1819,1012.016,2035.2700016207723
1428,5366.348,3508.7976808421613
4544,194.4136,755.3047618517027
3475,4633.968,3957.9886027716684
3167,3430.2016,3634.9235296453344
4976,3630.6074,3163.4629799448094
1872,2866.269,3131.677144699322
7946,3795.06,3130.7303301771926
4758,1105.8938,1591.204637619656
7499,247.6776,121.66897548700015
7789,838.908,671.3488210640494
8052,3006.087,2520.7552505173626
6538,1149.8366,1282.0030717218579
306,5317.0788,3846.179192502458
7391,300.9416,409.47588194355956
2039,159.792,402.45077328543596
4505,1743.0644,2596.077290670444
6515,1677.816,1525.7949073142718
4569,972.068,784.9639926361178
758,4592.0226,5910.012030412212
2114,3372.9428,3288.181384187428
6900,4314.384,2868.4641066554445
91,690.4346,696.9633818082424
62,484.7024,1152.4835188299132
6315,705.748,654.0088672424688
54,4815.0656,2529.0969323838817
435,3038.7112,3591.4229345157805
4059,1097.9042,1008.0046472074258
1367,1853.5872,3920.569468534739
2614,1279.0018,994.3160989905232
4500,1332.2658,958.4444466795121
5827,595.2252,346.0160972143174
6328,1310.2944,1607.3178444500181
5551,1659.8394,3007.4460108935814
2068,3034.0506,2286.93349359628
4247,1874.8928,3870.887173589852
1450,11445.102,5835.57677626131
5547,1794.331,2717.357455283407
5627,589.233,642.7561064648966
4018,3392.9168,2036.0673223967085
4601,3695.19,6006.8507679518525
210,133.16,711.8761969273902
3075,6093.4016,3837.5849662480296
7421,3575.346,4014.1248522672386
1908,1474.0812,3811.744411542852
2352,1905.5196,1635.140766446671
5601,3113.2808,3727.098090304786
1904,1537.998,3991.8643888904016
4987,455.4072,240.95767979837572
1551,2330.3,2576.55996659293
6697,5890.9984,3565.0111987466707
3999,6331.758,3229.8344232339514
4342,2516.724,2125.3254209944894
5924,2586.633,2751.303385017228
8100,3775.086,2868.4641066554445
834,5443.5808,3156.379862352867
8088,2346.945,2221.3596221869566
2824,1318.284,1188.242913322483
3668,1390.1904,1984.5768993748868
5202,388.1614,655.2583551992949
7090,436.7648,546.4966653293743
4942,2221.1088,3243.0009549606652
2684,1335.5948,1301.8911265453455
918,198.4084,297.70883843313527
5507,739.038,405.52523628043093
67,1118.544,3085.658520774115
2216,8851.1452,4194.390409452554
1690,1294.3152,2636.3124495634256
5648,1274.3412,1941.015080395336
8504,4138.6128,2819.1046884253938
853,3057.3536,2746.84248212443
5485,120.5098,327.73446643745365
7475,1685.8056,2066.0265491283585
2057,5406.296,3229.3183371803566
1963,2133.2232,1951.5445807423287
2547,2619.2572,3180.3070810740583
7422,868.869,1563.0692280605904
5453,179.766,528.8521766512417
2886,1185.124,846.9195908194754
4315,111.1886,354.08862366279004
3085,607.2096,633.7668490783916
2823,1887.543,3519.643070971786
3202,539.298,994.9257339992465
1653,490.6946,822.5817478374154
6851,1278.336,1352.78053161496
5352,2586.633,3177.683238857974
3249,1677.816,2239.8531031611674
274,2082.6224,1395.7654855836345
1103,5350.3688,2808.464098392749
1829,122.5072,327.48291663820027
1945,5369.0112,2807.895203739223
5186,2799.689,1584.7099388205834
7172,3155.892,3954.7123716381566
3605,4456.1994,3031.5858357002144
4538,1324.942,734.6058987119861
8441,777.6544,1571.6687177488675
6594,4275.7676,2658.469171222476
2865,1629.8784,1538.7166697084149
5201,3894.93,2464.625316599551
569,2097.27,2447.276392931639
3803,3797.7232,4122.2453842978975
1827,245.0144,328.70521125059554
1496,170.4448,271.7046606998774
3272,4925.5884,3113.619547135671
4182,1368.219,1379.8196820666012
1544,3410.2276,2041.3708098580883
7393,3696.5216,3368.4270233315424
6930,2002.0606,1045.7904445347428
2898,2376.906,2761.5140222848495
4403,170.4448,284.31988599156165
523,721.0614,675.9304204863681
1748,2406.867,2581.4185300500876
6047,1488.063,1529.2628186598363
6596,1705.1138,2055.080412802776
2691,1422.1488,3051.8049725532555
4577,407.4696,735.3872634905777
6157,583.2408,1570.6430044789142
6527,331.5684,883.6956813246873
3508,4579.3724,4026.130145346731
4074,4207.856,4341.783167070356
2163,659.142,644.8877005731287
5633,1225.7378,2905.2791173188484
3688,1454.1072,1822.1285135681505
770,2287.023,3668.5223052201272
3822,1754.383,1610.967935992775
348,3142.576,3108.788951174542
2680,6852.4136,3775.4945578043894
895,527.3136,4193.354941026498
8330,610.5386,1337.7423860646193
4387,2586.633,2104.166687238701
837,5063.409,3263.419114488965
3586,99.87,591.9205340366209
4321,170.4448,381.55601527119546
1596,1733.0774,1235.0432529736488
1401,5201.2296,3108.18050669497
173,3969.4996,2795.9040842522304
193,467.3916,536.8495164962115
1725,1193.1136,645.7963232313443
4690,966.7416,2624.185190024415
4354,1426.1436,3122.185027130099
4041,517.3266,988.9002114225513
1619,419.454,1123.8048925682397
5826,4753.812,5667.063214662839
342,4377.635,2807.9354386859727
6632,1324.942,6679.091703553036
6197,2526.711,3307.210670286149
7188,13086.9648,5582.843120175366
5602,5179.924,4174.912115118718
975,1222.4088,822.5817478374154
64,2543.356,5852.998109299296
7257,5536.7928,3110.6642458819597
6252,2976.126,3337.542241387356
4626,3149.234,2287.3453504785252
2434,2006.7212,1512.1434928964245
2750,4458.1968,3423.685874423637
2373,3961.51,3912.8283416283343
2371,3415.554,2973.845003245622
752,1402.1748,2678.729872474332
7332,431.4384,309.6200230834142
7910,2407.5328,2406.406922966049
5450,858.882,387.1639329529361
4014,2269.0464,2041.0908093723199
8456,487.3656,2049.0027963512116
3124,1437.4622,1359.0795214126472
5637,1094.5752,1337.0996044061724
3914,1545.9876,1332.530585905004
6323,2410.196,3169.9233354054595
1319,503.3448,508.9493661228021
1697,3910.9092,1908.5026455798052
1589,4950.8888,3774.5075355263157
3265,1659.1736,3998.566180557774
4102,1104.5622,2620.2104507497834
5328,3062.0142,2434.059268549385
127,928.1252,900.2106258465725
6477,2822.992,2863.858083913429
2748,1686.4714,1615.6949058445502
4285,773.6596,921.2532034078844
2825,186.424,615.4250599848045
5743,4807.076,4013.454763557765
4439,407.4696,646.271189701953
2336,815.605,344.4702670580816
5530,1704.448,1389.4489880647711
8117,1225.072,3950.2716765608175
319,4414.254,3668.5223052201272
2852,4137.2812,2727.2357344617153
4808,2628.5784,1870.7602970514415
2963,397.4826,332.50348497264446
7110,2644.5576,3568.3809104714574
4581,1245.046,1259.3989668768945
7294,1930.82,1628.271757800134
8312,5849.7188,4109.006063949493
2983,4910.275,2807.895203739223
4907,5267.1438,3223.4118621646808
679,1259.6936,1941.4596154450371
6720,1268.349,1350.6858147793696
1201,3383.5956,2461.401953324992
763,622.523,869.7066622331203
7772,3645.255,2444.1140799989116
6638,547.2876,1351.2954376634086
3876,5033.448,2996.6421262290874
7589,1960.1152,2104.285269601051
3982,4602.0096,3100.0356309667213
4178,653.1498,3554.003800278851
1996,6751.212,4552.499772098095
1823,2812.3392,2870.7279755797836
6695,2061.3168,1290.6389909646084
8007,262.3252,692.2869255078858
536,2210.456,3868.1760897918775
2131,115.8492,340.1274364383337
3145,852.224,1322.239467010544
4767,4314.384,4059.3708114472565
4962,5834.4054,4159.917665515478
1002,2656.542,1727.4679015478305
2885,1779.0176,1847.6980572674968
4501,2526.711,2822.0051957814794
1153,649.155,3190.0873971660517
132,6976.2524,6174.378668755259
508,2013.3792,1422.3062374499132
8050,4175.8976,3358.957313675496
4329,185.7582,150.4170250390392
4607,679.116,885.8093205806566
7947,1556.6404,3658.7610226456277
7738,2599.2832,2399.722462522401
5194,3946.8624,4059.3708114472565
6951,1470.0864,814.048502442214
4020,238.3564,359.61157896357366
2830,6231.888,4349.932822752278
5022,120.5098,338.58338672198744
3891,1358.232,1709.7392120783602
4760,2519.3872,4004.864415631161
1940,796.2968,3179.9770568244867
1997,306.268,1298.2843675228594
4218,1850.924,3084.3605919384713
6172,873.5296,849.7677412667466
7500,644.4944,2389.3191320446404
52,810.9444,1932.415590707059
7260,2972.1312,3169.9233354054595
420,291.6204,330.40527759694686
1,443.4228,608.7870874705255
1896,5523.4768,4059.3708114472565
5004,950.7624,819.8745690945257
4251,1031.99,1617.1318530581364
6894,2080.625,1367.2060879555488
8486,45.2744,141.30231142333173
7554,83.225,293.0014914144614
6520,2069.3064,2810.053691658338
7344,3225.1352,6034.829946386018
4892,2828.3184,2416.561382729289
3039,105.8622,6.829336525419927
5344,135.8232,24.56184951472577
1325,288.9572,2271.21571379599
2387,1179.1318,1698.5487991219425
4913,6704.606,4552.499772098095
925,4102.6596,2596.3288404696973
5872,2059.9852,2110.538137480776
6622,460.7336,347.76383413955017
8015,784.3124,690.2554813359299
7909,3169.208,3726.8429707647165
1402,768.999,649.2850570411094
116,4843.695,3212.5837784963373
4358,1957.452,2080.1521095217117
3574,1867.569,2824.9591914631196
2109,9371.8008,6075.11998894753
8455,4206.5244,2583.764777963822
5459,711.0744,308.2437929043364
176,1010.6844,1514.2977625554522
1349,4567.388,3859.5190567285995
2554,1941.4728,3664.1629070945564
3330,632.51,2024.6055157229396
4151,1970.768,3129.8018499919044
201,3275.736,2772.612481107923
4190,2316.984,1913.6540501002437
429,848.895,778.1929876016659
5141,2519.3872,1932.896554943902
6222,1282.3308,2305.888322191222
1922,4434.228,3447.9434064479283
2645,3006.087,2149.817964507501
2772,4563.3932,3453.121160766067
1873,294.2836,356.0955101498771
1172,2251.7356,1976.4347929915525
5691,3254.4304,4000.5221985839357
8065,4136.6154,3552.7167820535415
988,2888.2404,2550.6938246825507
87,3285.723,3668.5223052201272
4415,5219.872,3042.201475408039
8085,3528.74,2827.3151497952176
5745,1997.4,2610.9626209569483
442,623.1888,1518.6766766397377
1341,5909.6408,3476.3788180055753
1460,4247.804,3646.025222927995
7239,2416.1882,2046.7318082945408
5928,980.0576,979.9551458595898
2065,467.3916,1041.9885366742092
6973,2332.9632,3131.735588755266
3182,1142.5128,1314.9147507602165
401,426.112,1313.1430132220623
8398,1367.5532,1653.6736196316942
2545,739.038,2061.787962943276
972,314.2576,660.9796357657683
1662,1142.5128,1670.6489262608595
2803,6729.9064,2561.9524750598325
5568,2492.7552,3130.9818799764457
1825,5191.2426,3744.3888915922266
443,2133.2232,1989.8033012150213
7427,884.1824,559.9927323192169
8189,865.54,1342.134391236613
5746,5313.084,5469.893937196932
83,583.2408,465.6088682715495
398,2652.5472,2385.37525669982
6461,280.9676,370.49223924177295
7692,2251.0698,1672.096996214679
6383,5005.4844,4050.6701347591566
1806,171.7764,900.9214404755054
3871,1545.9876,849.7677412667466
6746,2441.4886,2097.849768781979
7788,5829.7448,4148.048052950214
1932,123.8388,157.81614889339932
5692,1340.2554,2066.0265491283585
3497,225.0404,638.7168868740519
5662,1062.6168,2529.0969323838817
3906,4794.4258,4033.7698611694746
4165,1737.738,3035.9397245149353
2582,117.8466,343.90833813195263
2892,1576.6144,1566.3070202126878
7820,649.8208,1269.5715828268978
640,7192.6374,5069.778956835345
6029,3325.0052,2455.3839172097883
2424,3062.0142,3760.6787995790837
7390,191.7504,111.30641247905182
8507,515.995,1729.6680924316258
6581,365.5242,368.8051750745357
243,7222.5984,4042.910231306642
3807,3050.6956,2759.7779560789336
4058,2708.4744,2474.588977078749
8110,49.2692,115.31961088733121
2909,905.488,866.2153812982087
1712,3340.3186,1922.2535397885208
4542,3835.008,1970.3571765399874
6131,3277.0676,2130.1973361443975
5159,1325.6078,1953.637670008089
3544,4414.9198,3926.0955392398146
5639,978.726,2597.8688298075435
3425,2684.5056,2424.3530128627813
4046,3675.216,4059.3708114472565
6711,3563.3616,2446.976396984403
3831,1560.6352,3185.780607666222
8356,4026.7584,5805.312776885209
506,2189.8162,3191.858676790916
6869,47.2718,116.52155273893804
2322,2888.2404,4053.127280091077
8074,2416.854,4012.412007313596
5337,1231.73,2121.1456573998053
832,2251.7356,2785.1282051609737
212,2636.568,3880.8787207554446
1972,1120.5414,1072.9406363720846
5756,3628.61,2225.640900833926
2802,3644.5892,5620.692789309554
1264,1096.5726,1171.9892956481153
764,1125.202,1797.453667436958
2208,410.1328,331.15498672619515
2873,1657.842,1772.916250123548
2271,579.246,478.64155826710197
2833,2133.2232,1921.494999096624
2501,1904.188,3099.7840811674682
5010,2596.62,1639.6596980220688
7709,2220.443,1232.60159723061
5544,159.792,374.97512107292556
3564,1667.1632,3527.9173303206667
6008,385.4982,320.9453077980811
3650,1765.0358,2625.988071254112
2214,2936.178,3095.2450327404663
7633,834.9132,786.5896617434646
3878,3677.2134,2749.5106906245232
5631,441.4254,575.3783010596311
4611,307.5996,317.75514365555887
7417,994.7052,1653.6736196316942
2916,2536.698,2829.011281235688
1326,3358.2952,4062.656710351312
2934,2471.4496,2499.137705652231
7010,5591.3884,2487.675898978462
6043,677.1186,3302.2633898206095
3030,651.8182,913.1576461773608
5781,2998.0974,2670.678274540068
3744,4334.358,2271.21571379599
7792,1775.6886,1363.423546770341
6769,3205.827,5464.086865600037
4481,5690.5926,2590.65995329144
5694,1435.4648,2074.134073406508
4031,221.7114,348.99237528326125
7047,871.5322,825.1561987864811
4445,2246.4092,2666.745809338025
7382,1611.236,2366.0613325694962
60,3185.1872,3138.799160244114
2537,1789.6704,3696.3441537445387
3407,7334.4528,5309.248079479872
3455,2246.4092,2641.445418445329
4129,3215.814,4101.048168317339
7751,1263.6884,1348.3050110717327
6431,852.224,1678.9968661498833
5089,3225.1352,3881.023729836737
1889,1255.033,1123.8048925682397
3010,4762.4674,3717.614236644172
6185,5346.374,3856.2162819268224
6467,2603.278,1820.8825599700676
5223,12117.56,5762.933147744561
8440,2960.1468,2333.8526497898447
3945,4124.631,2902.627828712306
4480,3797.7232,2592.616216174923
1696,254.3356,680.7798241197614
5381,2841.6344,2008.4730878218477
2734,4848.3556,3552.7167820535415
1173,5404.9644,3280.066386539777
7343,8209.314,5276.6732870807655
185,1012.016,1435.0730096635712
414,829.5868,980.9995727300841
8146,1691.7978,3976.263409653062
6543,2237.088,3120.3544769283994
8393,772.328,602.71297269954
6778,2061.3168,2111.1068076432593
8078,5145.3024,3638.70767879944
1771,3078.6592,2980.9779978111715
6492,449.415,333.4561371257206
1520,1182.4608,2423.1432328522997
734,2665.8632,2131.8928822645066
7537,587.2356,683.03982778856
4952,452.744,1855.705133517248
4493,4532.7664,3169.9233354054595
882,300.9416,330.9342638890083
1126,3428.2042,2722.806089879108
7723,2766.399,3144.9882242388867
462,1787.673,1900.0210027498397
5688,91.2146,248.69671563731114
2967,1362.2268,1234.255851710869
3037,894.8352,1264.1338355223515
5701,1883.5482,1366.7417188394168
6771,3894.93,3611.138683275776
6898,1151.834,3950.2286993191537
5275,1859.5794,1605.8532886213147
4208,872.8638,1314.297928012986
5400,649.155,768.280735028143
1915,2133.2232,3999.4057667935367
6999,2094.6068,2590.2512240181327
766,379.506,1002.9322237945732
4666,2890.9036,3759.2639964728805
3042,2137.218,3646.3853363191033
7073,2856.282,3659.9728032465673
14,1977.426,3154.863490256532
5393,367.5216,2448.34392217869
7400,671.1264,1298.949637111566
6285,2902.888,2433.8077187501317
4605,2285.0256,3153.9947724207345
2340,129.831,78.63118277733057
6218,4363.6532,2436.3302566060565
3710,2451.4756,2794.012942453395
3087,7843.124,4019.7901516740844
1664,2759.0752,1686.459309153717
6012,852.224,397.2563427194079
1687,649.8208,1136.8990210288302
3742,2570.6538,4084.669112196407
3294,1794.331,2734.381208060554
1359,965.41,1576.1104491323063
929,3099.9648,2603.9967931712827
6167,468.7232,932.1874152431446
959,1737.738,976.5537962792575
3125,2603.278,2432.208048791077
4900,3439.5228,2704.061867937795
7877,503.3448,727.6273600380632
564,4418.2488,3688.6389797438833
258,1687.803,1759.1949469642655
3261,960.7494,1270.3373205996647
1016,5602.707,4337.619372241146
7957,894.8352,2024.6055157229396
4438,2120.573,2772.612481107923
3273,157.1288,255.7450191648274
2951,2423.512,2773.1524333954253
2439,171.1106,383.61789611935353
5913,1890.872,3071.8622863561945
3212,181.0976,535.4601887516199
7410,2462.7942,1525.2650938851186
1396,1946.7992,1874.803503348863
7466,277.6386,272.24692307716435
1279,731.0484,1363.423546770341
8241,73.238,235.05547453065142
7335,3952.1888,2095.6857799127733
6345,292.952,670.0817914218593
8143,2348.9424,1981.0722920377648
395,1677.816,1361.380021303237
369,1230.3984,1813.3310835735451
3490,1687.1372,3985.4445626550187
5505,3335.658,1976.4583739234527
3241,4349.0056,3177.4261928611236
4402,2021.3688,3141.198295994296
820,3195.84,2062.8642361956313
8420,1867.569,2104.285269601051
486,942.7728,1883.1129854958278
502,527.3136,548.9284202748389
5473,3846.9924,3486.622130264417
6072,190.4188,336.4828940485119
4004,4327.7,4546.256240741915
803,3235.788,4879.060276059625
19,2748.4224,3992.9129115080195
2636,2673.8528,2727.331618336586
701,1150.5024,822.5817478374154
7930,9227.988,6808.9740227208395
5908,126.502,344.2962230100451
1773,687.1056,777.1892709216338
3522,1707.777,3428.7706364004794
1259,169.1132,400.7252799751377
6454,6024.1584,3999.156442864199
4085,2120.573,2685.944823434986
3684,163.7868,872.4053215756259
6827,2540.6928,3583.501446646546
5239,1948.1308,1410.6073259036452
1431,3415.554,3061.629403158641
5231,2588.6304,4060.0011682760596
5370,2707.1428,2300.099410848143
2798,525.982,1503.5594205029681
8010,3605.307,4095.439313215889
5654,3515.424,4059.3708114472565
4562,2065.3116,3186.0024792543263
3910,1621.8888,2902.627828712306
3156,1725.7536,3559.5298709839267
1060,5390.3168,2734.3751522358857
7679,1438.128,2097.849768781979
5209,1948.1308,2684.1141324227074
3144,2863.6058,2655.604775617456
958,1973.4312,2716.3674296273766
1334,4098.6648,1678.9968661498833
4812,91.8804,54.337200928042364
2589,6796.4864,5923.778214991976
2305,1024.6662,1123.8048925682397
2388,1004.0264,3570.8402370650874
544,1531.34,1364.4770053089355
3835,2692.4952,3568.7190016187465
4975,2077.296,2725.794995249052
3556,203.7348,309.0527116381069
1735,866.8716,2447.276392931639
7286,1102.5648,1007.8625863254006
1918,746.3618,770.3944097928719
2385,4101.328,1520.5510131218093
1519,3755.112,2561.885465454396
4527,2693.8268,2690.627419618111
3850,1464.76,2457.940878829471
2779,2603.278,4186.444765725765
148,529.311,2836.4702618534247
6530,1324.2762,1304.664549581311
4264,1208.427,1358.8693837162427
3243,777.6544,788.6403952867647
6451,4166.5764,4977.571599097569
5382,3020.0688,2049.927705235108
236,119.1782,391.50464249542773
428,796.9626,1297.8975613231667
4424,3171.8712,4303.1098287330105
1015,585.904,649.186481822808
4910,1288.323,1033.6484755631338
480,2940.1728,3074.0041339672894
3446,4619.9862,2755.754221980703
1323,3374.2744,3893.6190659771073
3056,1749.7224,1472.5195724810833
3170,663.1368,1628.9609562902576
3629,2105.2596,2233.5671700970875
554,4916.2672,3061.629614582524
7533,2572.6512,3146.5641563705035
7187,4154.592,3490.0384124928673
297,1418.154,2072.8358443007787
1793,194.4136,774.2127656966491
6668,4695.2216,1922.748626071911
234,605.878,777.8350659930999
715,585.904,357.171832501192
5266,2073.967,1581.2954405449584
5297,652.484,788.2017847882161
1156,708.4112,1692.3768751540879
3429,3418.883,4257.701124771147
833,181.7634,510.0526459968982
2712,2553.343,3110.6642458819597
6549,2063.98,1672.096996214679
7272,2659.871,2659.985543318811
5036,4094.67,2719.6194439269566
2028,3101.2964,3177.0034133553995
3388,1127.8652,2666.494259538772
3270,1150.5024,2062.672266732739
8353,1482.0708,584.4143244879277
3079,497.3526,913.3549121091024
3346,1890.2062,1688.2879066125479
3523,545.956,1460.656471787411
3229,1813.6392,2434.059268549385
5619,8868.456,5057.734267722571
6554,3775.086,3092.8670833475926
6370,1662.5026,2011.7445155103417
4440,230.3668,1913.6540501002437
2142,1208.427,1334.9435221014946
5242,1038.648,2066.206026025777
298,942.7728,1319.5689026255209
7261,5375.6692,3825.6885269708873
6045,3237.1196,1857.526401324827
6232,2572.6512,1888.339694804814
3326,3478.805,3194.477444961308
4054,183.7608,-17.681569841311532
3819,2776.386,3235.144403832668
6621,2681.8424,2147.8470885806014
6106,1516.6924,1481.55713386354
799,2588.6304,2322.7774852465723
3782,2988.1104,2809.677070871311
2024,1789.6704,2359.901500515916
6876,2591.2936,3125.272475478891
2643,5976.2208,3365.388658825343
878,1054.6272,1409.3562853498008
5566,986.7156,658.70466133555
6857,1627.881,1720.7549414557202
1559,3554.7062,3037.2632440545376
4425,998.7,1660.420468793055
4531,865.54,683.2259548227499
4747,3263.7516,2702.975875013551
7309,193.082,312.66367187319196
6265,1584.604,2653.192564369028
4367,5201.2296,2856.486933448198
2787,1288.9888,2660.6681928864605
5248,3709.8376,4152.081268499943
3340,527.9794,735.3872634905777
531,370.1848,495.65258847490617
7713,316.9208,369.55340606784813
3813,875.527,391.1796685563431
4265,36.619,-1.770153162857331
5021,1491.392,1493.1487480098408
2095,1231.73,2058.376828812948
2088,101.2016,115.2383527202712
1413,1304.968,1545.7328071221277
4159,264.9884,610.2188559249042
7125,713.0718,1361.3479695495557
5444,6207.9192,4694.003625164953
5432,2852.2872,1744.2360214312566
3507,288.9572,297.2780544131088
5761,5976.2208,4545.762292608618
7885,139.818,345.52172767461315
5643,1860.2452,2729.8330245791312
1781,2087.9488,2173.836093335721
8376,3717.8272,4018.7770712273027
2535,8760.5964,4296.544701121413
4745,3361.6242,3373.7710163184697
6513,6385.022,3259.2775639120073
4805,3523.4136,3112.719555121972
7934,1419.4856,1727.3756336325034
7648,1070.6064,1277.9013453048576
6094,165.7842,326.90368237441936
4791,1148.505,431.2648096565769
4590,1029.9926,2404.5668354954714
1296,1427.4752,1337.7423860646193
4118,3089.9778,3335.6473724247057
6243,1303.6364,1985.5653058098924
8222,3029.39,3958.8281890074313
1612,2375.5744,2092.8861374026114
7106,948.0992,2016.1985301739794
2702,347.5476,423.91231832395994
2097,2090.612,1672.9788300346793
3753,3998.7948,3169.9233354054595
6978,533.3058,1104.7318594788783
8134,1240.3854,881.4678339182761
3697,2529.3742,1371.844548535158
5534,719.064,577.2736160646224
3867,2330.3,3943.985167962974
2334,3672.5528,3287.8262899922915
1462,115.8492,350.5349718777379
6602,1491.392,2459.8679802455003
1752,216.385,65.50075186445015
6275,1938.8096,2006.5692711513632
6245,527.3136,1360.4981874832367
1995,732.38,770.3944097928719
875,2808.3444,2457.940878829471
1379,5816.4288,5897.005789892153
7791,4074.696,2272.1794296726544
4489,1194.4452,1526.1046801208813
1964,5145.3024,3472.3063162174512
6733,2030.69,1254.9329327011642
7987,1222.4088,1123.8048925682397
1483,3579.3408,3794.8918200803055
2410,1486.0656,2121.282398495154
5169,1701.7848,3055.5811130839534
6754,1148.505,625.5296334181811
4137,2966.139,1753.913629345064
97,3755.112,3203.2903525804068
4711,2782.3782,2055.080412802776
1052,2311.6576,2194.8655550235717
605,489.363,1615.2305367284182
2933,3119.9388,3629.2420359887883
4475,3395.58,3868.1760897918775
4530,1162.4868,720.1867176024513
7506,2736.438,3258.3819951206074
6969,331.5684,899.5095503187165
8269,126.502,135.73210926898795
354,1255.6988,921.9544017973797
6786,312.926,369.60396261559043
4982,3367.6164,3101.071099392778
6560,5841.0634,3100.0356309667213
3332,1528.011,2450.4504984704777
102,3896.2616,2780.370413861169
4039,1239.7196,2749.5106906245232
223,3552.7088,2117.8878618489507
7961,6208.585,4481.750975477803
1947,1446.1176,2080.403659320965
1990,426.112,309.8715728826676
8019,3593.3226,2861.0343333639075
6861,4293.0784,2777.3856849407907
5502,3901.588,3227.423512659746
1569,1677.816,1702.7094361556613
2274,703.0848,1308.0831552802038
6796,6881.043,5007.922151514378
2027,1657.842,1820.2309535087495
55,6258.52,2947.2722580455365
3126,2090.612,2684.1141324227074
5978,3970.8312,3159.536564137964
77,643.1628,327.6175252590453
2707,539.298,942.9699607024688
7960,639.168,904.2325626805327
3863,6849.0846,3700.8145625586276
2145,3928.22,2407.1794191730773
4665,2432.8332,2871.3914744142016
3399,285.6282,241.0257231779376
4452,3705.177,2817.7497435203704
8464,468.7232,1893.788055167756
6691,1567.959,1664.5713098092945
7600,937.4464,988.204416823925
6247,4399.6064,2333.6010999905916
634,2370.248,1922.7191444917194
5278,878.856,466.47354961364414
94,1274.3412,1984.5768993748868
5861,3364.9532,2812.3443920184714
419,2940.1728,2109.7678450053277
5503,1617.894,1372.0597786140868
368,1286.3256,3305.0834956714375
574,37.9506,24.56184951472577
945,114.5176,102.82268445000848
7137,822.263,991.2773204514549
4517,331.5684,397.57804556989726
6767,2150.534,1702.853553908793
396,3707.1744,3966.588092459946
4124,3448.844,2110.538137480776
6905,4600.0122,3311.9566973787737
3438,1701.7848,1798.9745367786863
4875,2220.443,1201.0835876426295
7667,2253.0672,2485.415349917835
1058,1274.3412,627.4545341377573
5191,1301.639,1203.2475765118343
8002,5033.448,3911.0591034168833
3423,5141.3076,3668.5223052201272
622,3560.6984,1824.9211500236536
8101,2189.1504,3074.073808437669
3257,890.8404,2179.8891702946376
6611,223.7088,276.9141542707375
99,1314.2892,3099.7840811674682
6127,1225.072,2064.188638829074
7441,1808.9786,2710.499597780468
6274,3231.1274,1965.746251556793
7433,3896.2616,2946.979862638429
1169,1537.998,1612.6795419861978
3916,1023.3346,594.258368317468
8005,1910.846,3154.863490256532
7056,3874.956,3037.2632440545376
6329,1351.574,1544.0744831740067
74,5580.7356,3821.2918636369623
2681,1486.7314,3575.791420167638
8317,1306.9654,1462.4240321142338
6019,400.8116,111.42217413828574
5655,1230.3984,2423.1432328522997
38,388.1614,1489.3857740597496
2780,2117.244,1607.5465318718102
5953,3383.5956,1766.8621442778663
5449,447.4176,678.3895802829394
1671,1078.596,548.8526236614716
7891,6239.8776,5057.734267722571
8326,3099.9648,3099.7840811674682
859,2696.49,2485.5351134043312
852,2691.8294,3612.981200533542
4861,113.8518,362.8748349641292
1784,4138.6128,2529.0969323838817
4189,3238.4512,2757.2908450682366
2767,185.7582,432.56160582085204
3604,1458.102,777.8118386217222
1433,843.5686,1992.344266387767
8368,1800.3232,1889.3565168520079
7365,595.2252,470.04206857882474
4284,549.285,730.0765706114336
3619,1808.9786,2627.3121723292074
6675,371.5164,2133.9170529601424
5798,2563.33,3952.5846576512517
4103,1505.3738,1200.5263444205982
7371,1711.106,2776.9863428370336
5795,93.212,249.62521286621504
4144,5034.7796,4136.234177262304
4800,488.6972,502.81431999371245
618,934.7832,1301.4267574292135
3187,2553.343,2816.7314955493393
277,450.0808,1824.8559325489266
4548,1328.271,1048.371898107816
7919,2988.1104,2042.5810079409416
4023,4586.0304,2625.736521454859
5591,317.5866,711.4118278112576
139,263.6568,380.44074734169493
5926,3137.2496,1687.008319401651
6367,874.8612,366.5624974382589
3474,755.0172,366.05903893449783
7579,1388.8588,1572.3846366642529
5145,2909.546,2109.7678450053277
3827,1787.0072,2710.133866817223
2773,1494.0552,1351.401733694755
5222,1672.4896,1634.912079024879
3768,207.0638,535.8925821025116
8396,2972.1312,2041.8933890490202
2836,503.3448,1351.1501838955016
654,868.869,1544.0744831740067
4979,1569.9564,1359.0795214126472
4432,4567.388,3861.8003436787103
869,886.8456,784.9639926361178
1472,2109.2544,2598.3005321432297
8183,1416.8224,1678.9968661498833
6342,4587.362,2820.3285902967045
1072,2061.3168,2924.994866078844
8460,2852.2872,2779.8303443777536
56,2117.244,1613.1439111023299
6398,2607.2728,5814.432595475687
2602,3006.087,2106.2561455279506
2361,615.1992,1195.980688883477
4029,2619.2572,2811.25279570767
6238,197.0768,477.37369694711225
4823,2376.906,2959.6957893666126
3716,2548.6824,1965.8153587680715
4883,1211.756,2813.391579816895
5641,2153.1972,2446.976396984403
340,2807.0128,4531.778739610178
4709,2892.2352,1932.0984560672948
5869,2994.7684,2863.4371593631763
6936,3751.1172,5338.566248950148
1017,703.0848,1903.0079097218968
1857,503.3448,684.0655410585127
4091,3874.2902,2416.0785547537002
3119,1171.808,719.8055344445355
2595,503.3448,297.9255121171972
4318,1625.8836,2185.1526253539073
5412,3705.8428,2795.123638331041
3735,1162.4868,2399.7960526425095
8188,2423.512,1948.5890086174384
4347,525.982,482.4682467667013
5454,3094.6384,3126.8736377127225
2021,113.186,104.57619416420978
6680,3723.1536,3668.5223052201272
485,2113.2492,2565.4070606056644
5369,1999.3974,2495.119289057396
4199,89.883,261.2733532466699
6427,3301.7022,2488.6390909783645
7297,4537.427,3664.883091348492
6831,254.3356,351.6160767175399
987,5061.4116,3889.2286758480936
3924,1896.1984,4039.7340206503045
2810,1022.6688,1363.4352537797242
8299,3414.8882,2493.295016856846
1841,355.5372,368.60096831061
2113,1970.768,2110.538137480776
105,2247.7408,2149.2654681315225
5220,578.5802,792.5392993834548
8367,215.7192,523.4417589119905
6927,2209.1244,2710.499597780468
7722,1593.9252,1898.0349720834224
7640,697.7584,1329.5935196085165
4076,2450.144,2118.3394480865218
5638,2440.8228,3190.099045921557
5968,4996.829,4393.774833530755
5553,2456.802,3864.8157716151
3239,3693.8584,3216.2258265349105
6184,4921.5936,4552.499772098095
3068,982.7208,920.880598514486
7604,2263.72,1615.2311266886793
7347,4008.116,2097.656655839673
2343,5068.7354,3652.3021821839675
1449,149.1392,191.2062803591532
6503,1255.6988,946.9365130017642
1040,6351.732,4552.499772098095
3316,1547.3192,1669.9330073454742
617,484.7024,972.2960293345202
3374,3739.1328,2557.962565073544
3253,1231.73,2041.3708098580883
3907,1438.128,1317.786150570005
5715,2703.148,3124.904263524881
199,5359.69,6012.236019901444
7380,4751.8146,3164.539075457084
5269,614.5334,621.2070444666851
3674,4560.73,5068.892941567815
5868,2696.49,2504.9637723045425
2634,4447.544,3525.5217388769647
5628,3022.0662,2730.825629686277
6603,958.752,1683.3328504161097
349,2554.0088,2795.7181345433596
3992,2960.1468,2430.8012157918915
6806,3570.0196,4090.7865590569468
5512,2885.5772,4150.672054185215
2125,1076.5986,1484.770371516581
785,966.7416,1382.7242645119186
3143,1845.5976,2066.206026025777
8291,451.4124,385.3427218642199
7276,1537.998,1607.3178444500181
7736,826.9236,1503.791763165222
941,1170.4764,3130.9818799764457
2318,168.4474,419.2531843796519
659,5764.4964,3802.8555880994822
8274,4850.353,3692.356305037875
4404,1927.491,1981.757125335358
6341,256.9988,604.9574450083181
5680,1257.0304,2619.9104548025475
218,3690.5294,2671.101802390529
8191,1286.3256,689.3468586777142
1824,992.042,803.9691263748841
4824,5683.2688,3975.468045891436
8186,1579.9434,3109.6626646175246
7746,1901.5248,1805.8053971681607
170,2120.573,2734.381208060554
8106,549.9508,686.317925444447
8417,2336.2922,1184.8691804125115
2597,1186.4556,1607.3178444500181
2185,2069.3064,2830.685217474874
2737,2956.152,2427.98165209782
6129,1693.7952,1069.4542369029075
5922,3048.6982,2634.5875609423897
2442,2848.9582,3351.8268262633314
5705,435.4332,548.8526236614716
8238,4637.9628,3770.0243998546416
345,703.0848,1010.9232266135862
3103,501.3474,2666.4882037141037
5240,1257.0304,757.4108696329804
8365,128.4994,313.05736029761124
3196,1603.9122,2610.527110819682
4594,3719.1588,4457.1572653257745
7241,2591.2936,3036.894983124204
7518,2577.9776,3877.1307049460315
1754,202.4032,302.83086444404165
3723,4580.704,3955.805024199764
4133,1406.1696,3896.687858254653
4992,1177.1344,2102.8969375995616
3442,2050.664,1454.8900275371482
3147,256.333,657.885005272038
3780,4604.6728,4524.075021716009
5390,6145.334,3877.5132298166504
8097,1235.7248,1322.910692455667
4433,5480.8656,3832.1411128942955
409,3195.84,3279.436029710974
3424,1174.4712,2717.386183759152
8190,1304.968,2605.628733260058
6958,466.06,621.5797648210361
2487,312.926,462.641228367448
3566,3323.0078,2431.2201433496457
7087,1924.162,2902.627828712306
4170,894.8352,1922.0615703256285
6406,3085.3172,3814.0532742243176
1302,3008.0844,2661.8151298326716
8446,510.6686,659.409672590671
2585,4225.1668,2746.84248212443
6071,1267.6832,1363.9352261559989
3704,820.2656,1673.1707994975716
2389,419.454,691.4784527859463
2112,4211.185,3164.818214176893
1374,2518.7214,1792.338706748618
4844,102.5332,309.1556539672815
1627,7073.4592,6174.378668755259
5886,1390.1904,2529.0969323838817
5612,331.5684,317.75514365555887
3301,47.9376,112.59454488605134
6263,2808.3444,2433.8077187501317
568,3848.324,3164.945410178594
7988,1587.933,1591.204637619656
1623,657.8104,808.6093418607717
6525,2138.5496,2854.704058597615
3812,2972.1312,2664.966717948625
3034,1655.1788,1202.020879904137
3860,639.168,1016.8755097703189
3084,2336.958,1096.1668201245811
2440,2045.3376,4208.613628661558
7237,1125.8678,1066.1309247157412
3176,353.5398,2010.217092298285
1453,3731.809,3085.658520774115
231,3435.528,4325.569913554173
6784,610.5386,1421.8418683337811
1807,120.5098,385.2611111392478
8008,2743.7618,3623.402064812755
5361,1750.3882,2666.2290746749904
2709,1018.674,698.8950000775785
5092,229.701,234.52975054810898
1026,4207.856,4057.85943702673
4991,8508.924,3946.7581025219397
5741,2668.5264,3706.984238492971
7494,2271.0438,4085.5655615968217
847,87.2198,268.3650019147762
6988,1556.6404,1797.453667436958
4336,6040.1376,3814.476866772001
6296,247.6776,293.5066702974467
301,254.3356,345.37254536136
7824,838.908,2149.817964507501
3088,1686.4714,1454.5763235912286
6440,1113.2176,915.5985466153477
2516,7590.12,3099.7840811674682
165,5375.0034,3977.4468170344358
2485,633.8416,1466.921539138046
5193,5394.9774,3325.1401844636534
6500,1970.768,1727.3756336325034
1393,6897.688,5031.545798403219
6516,1937.478,2810.443650672964
5933,631.8442,1286.3904875471749
202,1701.7848,1976.7280528933886
8260,410.1328,1080.1954729278561
2154,3542.7218,3572.124283624292
1330,1744.396,1305.1283207930355
602,1054.6272,1508.3796544232914
2747,261.6594,1373.3568378067375
8300,2460.7968,1628.9609562902576
8118,735.709,757.353188721156
4009,89.883,303.5031666834602
416,2403.538,4012.901004912811
6302,1789.6704,1753.913629345064
751,3435.528,2843.252323367273
3349,1006.6896,1367.2060879555488
5076,319.584,676.1819702856216
2509,2960.1468,2364.7253339952335
238,2074.6328,2784.8019370668817
478,1057.9562,2564.004356897986
6597,1480.7392,1520.7429825847016
2309,1960.1152,2046.7318082945408
909,223.7088,1101.9229764294603
4832,3998.7948,3668.5223052201272
6165,176.437,384.39050991697053
5881,191.7504,173.9750057876556
3841,1773.6912,1568.3505456797918
801,1304.968,2745.83468615921
1152,2008.0528,2455.3839172097883
6295,2576.646,2039.0699948647227
2682,3531.4032,2374.2009246498415
6199,3422.212,2794.012942453395
1193,1571.288,2481.984714416686
7559,2093.2752,3060.521392057684
5710,2013.3792,2714.7219415625673
8322,3271.7412,3170.816033373974
211,5650.6446,4096.4940496128065
5622,1165.15,1421.6713098568423
2503,605.878,754.0690798028345
3443,1150.5024,779.7406829462063
2510,490.0288,1054.6291633462688
7342,2408.8644,1188.9471417877205
6871,42.6112,86.78906764142853
7164,6775.1808,5485.645131617799
720,554.6114,1073.257757803409
3952,1895.5326,2427.98165209782
5443,162.4552,691.8254445110272
4638,540.6296,712.6540633256749
3308,4647.284,3895.14929023009
1064,179.766,493.6932528561063
633,437.4306,243.92298897424303
5161,1534.0032,1535.8449211514094
1780,3629.2758,2328.9053693243054
8425,2756.412,2566.275342611807
261,1418.154,1609.8688391922385
8119,2371.5796,1526.5690492370134
7726,4637.9628,2799.4504553692054
4938,210.3928,325.32892007388347
4245,958.752,1451.8243111313063
5274,5424.9384,4581.431879604337
2845,3390.2536,2551.6714569878072
8392,836.2448,1673.1707994975716
3691,146.476,243.42401053355692
1188,778.986,2375.104607325804
6661,3111.9492,2687.461195531321
8075,316.9208,2655.595707545953
2277,589.233,700.7798600100962
726,3079.9908,4579.9754243106045
2118,780.3176,3130.7303301771926
3136,3858.9768,3093.9580145151567
2480,782.9808,674.0893592798325
4916,778.986,1303.7827157613106
5767,2049.3324,1921.1797365056282
676,1496.0526,3232.8699552655967
5857,3515.424,2565.4070606056644
1168,2519.3872,1913.0622238215556
6681,1938.8096,2447.974612505253
7674,338.2264,422.04856849132676
1738,468.7232,686.1971351667448
5758,2519.3872,1832.044841417933
1111,705.748,640.720143372979
2257,1304.968,3056.393944213463
6636,1090.5804,330.68271408975494
553,1342.2528,2676.324072964815
4995,4870.327,3951.3496212260457
5552,167.7816,432.52957752208584
6395,2871.5954,2376.243394768071
3183,1035.9848,4404.6898188478945
1980,5331.7264,3698.4699530060047
3395,2526.0452,4545.762292608618
5640,444.7544,789.4277478233744
1231,2612.5992,2389.722931625128
2942,3103.9596,2903.2452398780883
4799,454.0756,651.9967608632375
1778,4516.7872,2181.711028039355
1642,211.7244,408.12898054177225
4291,517.3266,546.7099920352302
2421,3673.8844,2008.076306724154
7545,1635.8706,3681.0895396531323
4983,1464.76,3146.5641563705035
4249,2016.7082,2427.98165209782
4341,690.4346,652.943520600152
6141,4460.86,2867.559987134683
2740,2797.6916,4051.480839096232
2624,846.8976,608.1869940615711
3949,237.6906,369.86519943471114
3078,2233.0932,2795.299960678705
5102,2388.8904,2799.2125654896895
7280,1743.0644,1669.9330073454742
6381,575.2512,1547.7306228558596
5543,1065.28,1678.9968661498833
4777,3375.606,3814.316366981728
7369,950.7624,1285.5610483020096
7580,495.3552,378.8720057918002
8290,371.5164,766.5025514364315
5792,1022.6688,1017.5248680266399
7395,303.6048,89.91852879260189
6998,3235.788,2777.3856849407907
4131,856.8846,1310.0262471174906
6333,1208.427,1729.3544311439973
1843,1468.089,2761.8568602730643
4599,161.1236,317.4191405841263
581,275.6412,1520.5510131218093
777,4287.752,3204.9625938573217
4136,262.991,1141.5670479598691
4521,3111.9492,2678.8617058430436
3933,2278.3676,1228.9419190595754
3300,1491.392,1278.991208599206
616,1283.6624,2666.494259538772
7121,209.0612,304.7224536600064
2848,927.4594,2093.3391332754686
4180,1069.2748,1293.8379281090174
5014,425.4462,345.52172767461315
1976,254.3356,351.6160767175399
7686,1249.0408,2710.4873716896404
3073,6893.0274,3830.854094668986
5200,2804.3496,1695.7286088235815
7570,872.8638,624.3306254448045
1585,1102.5648,1509.4122074068107
2132,4613.994,5486.275488446603
5887,1086.5856,792.4723039825577
4749,908.1512,1423.283696791075
4587,3159.8868,2529.0969323838817
990,741.0354,640.2557742568464
5282,612.536,972.9145880168254
5174,2750.4198,2346.5365739450954
1166,659.142,962.6215607231344
5298,2884.2456,2491.017688808608
63,147.8076,115.50980582017476
3214,2255.7304,1298.8340767457364
5954,4474.176,5628.353614258761
2751,2239.7512,1276.6068287162052
7650,3610.6334,3568.3817791141423
3509,2460.7968,3377.220076338768
5708,3954.852,3158.2958947374495
3435,5069.4012,3087.1250158968433
4813,1617.894,2402.563974767718
1078,217.0508,317.75514365555887
4003,1810.976,1920.6678862821827
3028,147.8076,290.3753522077837
2543,1230.3984,1461.6402215188446
6993,7719.2852,3986.643036657554
2258,784.3124,703.6357127064415
3802,2889.572,2295.5329832845578
1970,4763.799,4552.499772098095
5358,4288.4178,3805.45378453604
2958,3350.3056,3236.3473361191845
5749,1607.2412,779.7406829462063
8154,3207.8244,4118.118617984101
868,2366.919,4034.5863641929263
2678,453.4098,365.051333382329
2504,2826.321,3122.0419465393898
4413,3900.9222,2392.9614228769533
7837,2510.066,2392.66211478396
3408,67.9116,14.319302094530984
3894,6867.0612,4075.835623216267
6254,3735.138,2719.0321245955442
1025,146.476,318.3380397259699
1311,67.9116,7.182602080199341
7690,7943.6598,5036.40853348675
4420,2131.2258,2472.174343627356
6706,1506.0396,1883.9948193158282
3133,3292.381,2201.4267767993506
6903,149.805,358.1425773143339
2635,5470.8786,4071.31625974573
4449,778.986,1332.4437387997066
3350,3281.0624,1764.2214269462393
5727,1904.188,2485.5351134043312
8512,2479.4392,2678.8699610520925
294,5499.508,5037.0388903155535
376,5715.2272,3093.9580145151567
7290,1354.903,2049.778330083473
8463,810.9444,1173.7467048340839
4715,264.9884,875.6628772936921
3560,1977.426,2942.719277338479
2189,5243.8408,4038.740028602212
7123,131.8284,348.4298438444717
7469,2302.3364,2655.903566265615
2600,745.696,463.7985372226448
6984,814.9392,1344.1328061771426
6821,5892.33,5482.829411151435
5587,1231.73,795.0798544207296
8483,1612.5676,1889.82088596814
8124,246.346,653.1075761828799
2925,431.4384,3172.2046427460086
4064,1989.4104,3554.003800278851
2812,617.8624,1194.8400562864495
4963,1422.1488,1927.6152373247005
5487,1366.2216,2419.861635254197
2499,2749.754,3163.4629799448094
7481,572.588,1897.8977964654864
4543,5195.2374,3133.5037532131587
7649,834.9132,630.1792545093133
1844,1138.518,1814.4048868564378
6690,2247.075,1410.3184990867794
6630,173.108,269.68264800210363
547,1014.6792,660.4665380299921
898,3047.3666,2104.0933001381586
4941,162.4552,219.76021410661906
962,5060.08,4025.4062676809067
4380,2976.7918,2847.5218940677114
1833,1985.4156,2130.1973361443975
3944,1347.5792,1833.7434468433144
5260,2900.2248,2656.966289665206
2666,1540.6612,2027.7565154236177
7904,995.371,3251.4302535465667
827,147.1418,320.50197935207126
7587,1731.7458,1648.131443735519
5687,2773.057,2717.357455283407
4220,1571.288,2704.4219813289033
3778,2050.664,2792.560896252921
3840,1559.9694,2315.0421868400545
4645,1041.3112,1287.5943967528374
5309,593.2278,746.3481812820498
4643,1438.128,2396.240761350866
8487,4111.315,4067.7610717285743
6760,1470.0864,1863.000393598927
4101,575.2512,472.39802691092206
5783,2708.4744,2477.0425354336767
926,2696.49,2812.3443920184714
4115,2237.088,1770.551036485501
7191,10072.8882,5897.636146720957
5675,3859.6426,3515.562281383137
1445,436.7648,318.4710625709449
956,647.1576,856.0583352099563
886,452.744,794.2794012397811
2947,2548.6824,1378.5524490074702
7208,1120.5414,1123.9936756179181
6339,976.7286,1607.3178444500181
1159,153.7998,358.1425773143339
3186,780.9834,788.2017847882161
7226,579.246,1736.3452401062086
7431,3691.1952,2236.15764520072
836,145.8102,103.62620721357605
6693,1957.452,2074.3260428694
6181,4844.3608,2291.8848873825277
5349,282.2992,711.8761969273902
119,1141.847,3284.277489769961
7068,2410.196,2021.4085617763512
7415,4390.2852,3589.7948549763323
4906,93.8778,268.2402601309435
4308,4138.6128,2859.473398190853
7408,6157.3184,5081.828415522318
4274,1755.7146,2930.2075748963334
3677,543.2928,560.5992813407521
1456,351.5424,1415.4078472430886
8400,425.4462,358.45720162911675
7140,753.0198,770.4813704493213
5920,6338.416,5063.884185699259
1849,2988.1104,1988.7500196086119
6216,1105.228,1568.2956437706696
1992,1701.7848,1519.7924724299126
2420,998.7,4906.13518795597
8155,687.1056,953.6271861036893
8324,2049.3324,1626.0793850568334
2446,585.904,1075.6441771803245
2741,2759.0752,3283.4454426630796
7763,73.238,28.880768050574375
8108,1731.08,1328.4829983667241
8129,659.142,2123.9654783005153
7999,2878.2534,4369.582925930391
1674,1231.73,1848.218351297836
580,1045.306,1661.7505301290407
4408,280.9676,322.19033605825086
2920,759.012,1243.7831980622936
6813,1765.7016,2499.137705652231
2146,452.744,1720.267376245351
817,1868.2348,1977.9401238796956
8470,1551.314,2455.5758866726806
6628,2719.793,3307.0564378135477
6830,1624.552,1352.6187598754104
6729,3338.987,3082.496207841388
4509,210.3928,358.70002136956765
191,4745.8224,3993.175439846928
4032,4623.3152,2683.3792184781255
4326,2862.94,1652.3876686511053
3646,4258.4568,2658.4417237971525
6324,623.1888,751.4256942830042
5050,567.2616,458.2890145640548
1050,1099.2358,1410.7679069350995
1164,4819.0604,3646.3853363191033
1252,189.0872,468.36712363667704
8029,751.0224,3144.6559220095223
6301,2013.3792,2078.6619109530902
7534,624.5204,1123.8048925682397
5180,359.532,394.85721111307083
6415,126.502,141.4882224543983
3582,918.804,798.1503444696064
2522,2396.88,3210.5767103955395
4558,666.4658,1563.7851469759757
3606,4673.916,3873.471026774996
245,3755.112,3679.4112647442225
2342,1844.9318,1863.3284033721682
6578,1418.154,1622.804313146742
5598,1882.2166,2753.6159790606443
162,3315.684,3325.6112640469187
4498,5229.1932,3517.916518215231
8076,1691.7978,2240.6715768366116
2324,53.9298,82.05226860610506
1986,1402.1748,2427.442061809293
188,2336.958,3015.0127472032914
3444,802.9548,1379.6261641775932
885,4098.6648,3770.605677067848
4375,2546.685,1568.8619689113614
8152,94.5436,294.260753265297
530,1960.781,1669.9330073454742
4179,2406.867,2704.4219813289033
4306,5153.292,4067.582884362846
2117,2388.2246,2036.0156419698617
5945,1607.907,1244.3716597828407
4993,331.5684,906.0155467042038
233,2603.278,2512.073179606735
5419,866.8716,2083.4330508131807
2514,2013.3792,3734.602874217231
3889,245.6802,635.8238955936737
7356,974.0654,1396.3573118623226
1073,1025.332,611.026336568417
3083,7534.1928,3248.331427586425
4376,195.7452,330.40527759694686
3696,439.428,668.3981073286562
3779,3563.3616,2138.2171424358976
3296,308.9312,620.6435576443955
4233,2101.2648,4552.499772098095
2866,250.3408,351.6160767175399
1632,1975.4286,1380.655719872304
8303,5313.7498,3973.2434162730137
5006,1701.7848,2051.0239018673597
3706,4452.8704,6018.479551257624
5121,3845.6608,4028.486103678829
1313,1901.5248,2559.163529249485
6937,1211.756,2835.757702815382
6896,4610.665,3173.1566221606854
7923,1010.6844,400.3770218554187
933,367.5216,492.46127143642406
5403,2624.5836,2605.628733260058
1199,519.324,657.0636283648721
5576,1677.1502,2487.675898978462
5609,2406.2012,3393.204071788547
2507,3542.056,3899.7956932347092
3670,6507.5292,4102.939329736874
128,762.341,2452.8024636367145
7471,1798.9916,2064.282823687945
6701,1298.31,1577.0445351266128
3536,5452.902,3557.9017914444785
7075,5313.084,3204.9739833278163
6434,4374.306,2295.763426581917
7384,2173.1712,2784.5103646534985
6489,433.4358,509.5461457384559
3543,4815.0656,3709.1756802102072
2511,3611.2992,2457.940878829471
7435,5872.356,5469.893937196932
5066,1314.2892,1182.696698112937
1227,2647.2208,2946.171839046444
2974,1031.99,1439.6384083673872
6867,284.2966,677.6768900372675
6650,1086.5856,1016.3835280287882
7062,2475.4444,3257.501043833673
421,3259.7568,2942.719277338479
2192,4578.0408,3840.8127512054057
8102,1789.6704,2007.2268699135668
1489,177.7686,535.0957080074216
8055,2852.2872,2630.8749366476154
8384,633.8416,605.0375318440463
2085,3033.3848,2873.3860537869946
3975,892.8378,1600.258344569923
6158,1981.4208,2170.164716302014
244,3225.1352,3999.156442864199
7085,4482.1656,4824.799872994916
6833,251.6724,357.4595492462205
1470,2213.1192,3144.350388199914
2809,237.6906,229.96626667432187
2416,2705.1454,2638.63484010013
84,3091.9752,4552.499772098095
2649,2693.8268,2630.8749366476154
5020,619.8598,1244.7852703384438
8511,4207.856,3523.5684458469423
4234,3379.6008,3189.344269084472
7708,4832.3764,3392.3024381065243
5579,1340.2554,2130.8233358034545
454,2683.174,1362.102969584122
1310,1127.8652,1673.1707994975716
304,7696.648,3631.641301808688
6133,2731.1116,3003.961036712715
1174,2265.0516,2076.6910350261905
3337,2330.3,2378.0107138308517
7301,3728.48,3197.4642859280953
4816,4483.4972,2803.0598641312195
967,1278.336,1672.9788300346793
5031,527.3136,429.75579085264064
539,2719.793,2529.0969323838817
1108,1606.5754,1291.334799135824
5351,6528.169,4539.331418227366
6052,4020.7662,2060.8217660774017
6042,442.0912,919.180978761414
4683,6327.7632,3280.858688967062
3561,5728.5432,2698.387323070626
5892,4210.5192,3919.414190934294
786,1958.1178,1869.5221857296615
2122,717.0666,629.2051361332963
7345,271.6464,769.2719485503601
1233,159.792,255.11121598406373
1146,805.618,1236.2510938119508
3295,1314.2892,833.0107800743958
1763,1001.3632,1738.5621280525315
968,1917.504,2160.438675894463
7324,796.9626,673.7410734888638
4280,37.9506,15.96235982644851
2733,743.0328,1316.230014075696
7254,1844.266,3103.106445079053
1391,829.5868,1721.3870119295154
7259,3483.4656,2345.151312213779
6499,675.1212,754.2135835098653
1629,1052.6298,1153.5821615719744
2107,6157.3184,3011.924246820896
5106,159.1262,387.06494351327916
5645,2077.296,3111.6324367263765
7032,215.7192,345.76454741506404
1317,1721.093,2514.5271377131767
3252,519.324,269.87284293494724
7636,575.2512,700.0052420629679
8519,549.285,1640.7381456771907
942,1135.189,1688.2879066125479
4970,1444.786,1612.6795419861978
7890,2554.0088,1454.3446871824622
3282,3453.5046,2685.105237199223
7744,450.0808,512.3750614141346
1507,1768.3648,3333.754562734232
4450,2947.4966,2485.416531041981
1692,1869.5664,2173.9511245868403
7498,433.4358,387.84339765762707
8061,2117.244,3142.268697858048
8162,615.1992,698.0153847884443
4950,2906.217,3147.9566635788456
800,1108.557,2123.1614321252837
7858,188.4214,502.92748031261715
257,193.082,1563.5335971767224
5096,1174.4712,890.2753000971588
2157,519.324,673.2767043727312
6873,1540.6612,2027.7565154236177
154,3169.208,3808.4903003294166
1332,1957.452,2336.7971182123656
6063,419.454,671.354119154159
8491,4809.7392,3504.1809112165656
6808,980.0576,849.8166192390066
867,1280.9992,1089.647611989019
6847,3537.3954,2551.5012842109595
6366,1970.768,4451.144775221757
7092,1454.1072,2178.1472399935233
3216,117.1808,96.94744928907444
2475,361.5294,381.74064902903933
6671,708.4112,423.91231832395994
1955,1514.695,1677.484818145806
5185,8388.4142,5063.884185699259
2908,3731.809,3114.205559104678
3347,103.199,317.75514365555887
6002,182.4292,470.2417237254252
3094,2694.4926,3339.728279120828
239,241.6854,2598.0271470024445
2957,356.8688,709.6075415367418
7519,996.0368,1423.3597201584953
6443,3994.8,2696.30196448528
705,2930.1858,1645.554002510514
47,5815.0972,4658.375577133964
965,5469.547,4554.016144194428
7953,271.6464,309.74669803964014
2236,1728.4168,1272.23189576093
1492,201.0716,1533.4008533210535
2299,3558.0352,1759.1949469642655
1546,2050.664,1672.2889656775712
4203,1295.6468,3171.222883397324
2479,948.765,520.5540531310673
4392,111.8544,95.25297593033763
4081,5866.3638,4552.499772098095
8064,5309.755,3519.643070971786
5427,44.6086,64.6721660806778
2209,387.4956,728.0102743041473
2679,2097.27,1663.6894759892941
4244,982.7208,1663.8127691173977
5815,4740.496,4050.6701347591566
4030,1318.284,1801.8083692707785
7438,788.973,452.3361135515589
3570,1298.31,2041.8933890490202
4397,3466.1548,2607.513027687078
453,978.726,3016.1943556614897
5150,107.8596,97.78703552483724
3967,3483.4656,3676.344563050754
7139,1896.1984,2000.3164032716395
2433,1374.2112,1581.2954405449584
697,2954.1546,1648.8150561745372
5877,4915.6014,3687.655009912521
5046,1414.825,1361.380021303237
1149,1171.808,2346.375488827745
2449,93.212,306.4285259705643
4194,639.168,960.6149411860816
5225,6574.775,6047.932814672777
1638,1478.076,1204.7315588790664
3090,2541.3586,3880.5618842855256
3344,1277.0044,2958.131855957142
1939,2277.036,1988.5094857062104
8089,3307.6944,4896.742374861658
7299,3352.303,2833.558681151397
4732,968.739,1046.2633676801183
4002,1947.465,3503.2603754560137
6730,2045.3376,3006.39453891891
1737,1999.3974,3267.037467364522
6820,1258.362,2125.3254209944894
4050,6114.7072,5036.40853348675
5677,6088.0752,4140.198195949122
3226,4604.6728,2678.8699610520925
4926,163.7868,412.97936775767727
2064,1185.7898,1241.450038066511
4454,3410.2276,3336.495690230685
135,1969.4364,1894.65930521366
4996,914.8092,2446.7431927046355
989,5518.1504,4553.130128926899
8067,2261.0568,3082.496207841388
2696,2656.542,1362.1926694173776
3460,1965.4416,4096.4940496128065
3987,1342.2528,1299.7156724023223
2007,2914.8724,3176.831787000998
4771,3057.3536,3099.7840811674682
4778,3559.3668,2150.2227320847405
4210,1962.7784,2824.9591914631196
7462,1973.4312,2510.9527300542177
8179,904.8222,1427.3131062110567
4152,5274.4676,2474.752045144149
4958,5359.69,3950.2286993191537
4071,3815.034,3262.8831970958963
481,3046.7008,3960.30794231851
5026,703.0848,1046.2633676801183
1464,1923.4962,3552.7167820535415
6657,862.211,410.93864033894414
6938,2864.2716,2927.284272648805
4671,1599.9174,1071.0780230965481
5650,1235.059,2807.962312122743
5122,229.0352,156.58880813187918
2011,373.5138,605.0375318440463
5885,2993.4368,3061.567605390293
6164,4866.998,2295.5714571190247
1282,1480.0734,2771.355285977027
2817,243.6828,691.2022410728445
5051,2946.165,3110.6367984566364
912,2665.8632,1874.6827903832243
1306,2768.3964,2027.9473055530857
1018,1012.6818,1094.5289368146366
1115,4029.4216,3883.270885653244
8006,2167.8448,1544.0744831740067
1673,1322.2788,3632.590774608311
3553,731.0484,2076.6910350261905
1888,2984.1156,1814.2129173935455
678,2870.9296,1796.6095390059857
3219,814.9392,1192.2606948741038
4879,2752.4172,3545.2427261738535
907,445.4202,2491.017688808608
7795,605.878,732.4627642890451
1365,2450.144,2076.6910350261905
5245,2924.1936,2083.143349796791
6533,243.6828,2076.6910350261905
6089,4586.0304,2792.560896252921
740,2241.0828,4918.305972065832
6964,2799.689,1563.0692280605904
2877,3165.879,3543.955707948544
3000,2145.2076,3928.3293719872536
5729,474.0496,359.61157896357366
783,3364.9532,2488.2866043292597
4973,1342.2528,1613.7958286818048
4939,1265.02,2018.9281073686166
2629,1657.1762,1374.5016222919312
2205,2976.7918,2597.1299771090726
6528,412.796,298.17706191645055
1267,1884.214,2810.443650672964
3116,479.376,1596.6022148910854
7646,790.9704,640.2557742568464
6424,1041.3112,661.1987263937252
4328,5690.5926,2801.0259866904594
4069,2871.5954,2427.98165209782
7590,2290.352,2014.3767570589698
4253,1267.6832,1368.4048442432709
5041,2659.871,2596.3288404696973
6616,2111.9176,2595.5547114795127
874,619.194,774.7213990636975
7811,4170.5712,2436.0787068068034
5983,1627.881,1730.5701383812018
3842,4364.319,3977.704351531664
3169,1488.7288,1680.961245205822
4426,1105.8938,1604.9107679354877
632,2207.127,2180.3060575986574
3631,5400.9696,3597.4475301424804
2630,3113.2808,3698.3847488046936
322,958.752,1062.3890667987832
4411,1779.6834,2638.671995409363
3412,1168.479,1143.6694003588432
7437,1004.0264,2255.5072673353175
1490,486.034,635.7081646851667
4363,2564.6616,3492.2995386187404
4789,258.3304,348.4903424414536
629,1640.5312,1672.9788300346793
4516,3237.1196,3603.1379999825494
7149,6474.2392,5997.311901135197
4946,2143.876,2517.8992462590463
5295,767.0016,1123.8048925682397
3387,1416.8224,1440.3063991348813
7341,1593.9252,2870.7370913793225
1455,5887.6694,4067.130714899771
7051,503.3448,977.2697151946436
